v_products_model,v_manufacturers_name,v_manufactures_code,v_products_image,v_products_price,v_rrp,v_web_price,v_rate_1,v_rate_2,v_rate_3,v_show_price,v_multi_quantity,v_multi_price,v_trade_multi_quantity,v_trade_multi_price,v_box_quantity,v_status,v_products_name_1,v_products_description_1,v_categories_name_1,v_product_style,v_product_finish,v_product_material,v_product_colour,v_products_weight,v_lumens,v_colour_temp,v_energy_class,v_cri,v_hours,v_bulbs_qty,v_bulbs_watage,v_bulb_type,v_bulb_cap,v_bulbs_inc,v_ip_rating,v_bulbs_s1,v_info,v_product_length,v_dimensions_width,v_dimensions_height,v_product_dia,v_dimensions_depth,v_product_min_drop,v_product_max_drop,v_xsell,v_product_voltage,v_product_guarantee,v_product_saftey_class,v_product_transformer,v_product_driver,v_product_cut_out,v_product_recess,v_product_surface_temp,v_product_tilt,v_product_cable,v_product_options,v_product_nonreturnable,v_product_carrage,v_product_statements,v_product_variant,v_priortity,v_family_caption,v_common_images,v_sale_price,v_now_price
A18 13810,Ansell,AN A70MHL/RTS,products/AN A70MHL-RTS,22.00,28.00,23.00,17.75,22.40,21.00,B,0,0,0,0.00,0,1,70W Metal Halide Rectangular HQI-TS,"*Recessed adjustable metal halide downlight with 70 degree tilt angle *Fitting pre-wired with Wieland ST18 connector for fast installation *Available as 70W or 150W *Requires control gear, (ordered seperately)**",69,2,4,8,23,,0,0,0,0,,1,70,HQI-TS,0,,20,1 x 70w  HQI-TS,0,230,140,,,,,,A18 14871,,,,,,220 x 125,102,,70,,,1,,,,,,,,
A18 13811,Ansell,AN A150MHL/RTS,products/AN A150MHL-RTS,22.00,28.00,23.00,17.75,22.40,21.00,B,0,0,0,0.00,0,1,150W Metal Halide Rectangular HQI-TS,"*Recessed adjustable metal halide downlight with 70 degree tilt angle *Fitting pre-wired with Wieland ST18 connector for fast installation *Available as 70W or 150W *Requires control gear, (ordered seperately)**",69,2,4,8,23,,0,0,0,0,,1,150,HQI-TS,0,,20,1 x 150w  HQI-TS,0,230,140,,,,,,A18 14872,,,,,,220 x 125,102,,70,,,1,,,,,,,,
A18 14340,Ansell,AN AWW150T,products/AN AWW150T,50.00,62.00,50.00,40.09,49.60,46.50,B,0,0,0,0.00,0,1,"150W Metal Halide Wallwash CDM-T, White","*Recessed adjustable metal halide wallwash *Fitting pre-wired with Wieland ST18 connector for fast installation *Requires control gear, (ordered seperately)**",69,2,4,8,23,,0,0,0,0,,1,150,CDM-TC,0,,20,1 x 150w  CDM-TC,0,,,,186,,,,A18 14872,,,,,,175,144,,70,,,1,,,,,,,,
A18 14870,Ansell,AN A35RG,products/AN A35RG,48.00,60.00,48.00,39.00,48.00,45.00,B,0,0,0,0.00,0,1,35W Metal Halide Control Gear ,,190,,,,,,0,0,0,0,,0,0,0,0,,0,,0,,,,,,,,,,,,,,,,,,,,1,,,,,,,,
A18 14871,Ansell,AN A70RG,products/AN A70RG,48.00,60.00,48.00,39.00,48.00,45.00,B,0,0,0,0.00,0,1,70W  Metal Halide Control Gear ,,190,,,,,,0,0,0,0,,0,0,0,0,,0,,0,,,,,,,,,,,,,,,,,,,,1,,,,,,,,
A18 14872,Ansell,AN A150RG,products/AN A150RG,58.00,72.00,58.00,46.49,57.60,54.00,B,0,0,0,0.00,0,1,150W Metal Halide Control Gear ,,190,,,,,,0,0,0,0,,0,0,0,0,,0,,0,,,,,,,,,,,,,,,,,,,,1,,,,,,,,
A18 15120,Ansell,AN AANCLED/B,products/AN AANCLED-B,80.00,89.00,89.00,57.33,71.20,66.75,ABCD,0,0,0,0.00,0,1,LED Oval Bulkhead Black,LED Oval Bulkhead Black. *All Polycarbonate suitable for wall or ceiling applications. *Supplies with both plain and eyelid diffusers *Non-dimmable *Available in Black or White **,78*81,2,,7,2,,772,4000,0,80,40000,0,0,0,0,,66,12W LED 4000K,0,,230,325,,95,,,,,,,,,,,,,,,1,,,,,,,,
A18 15121,Ansell,AN AANCLED/W,products/AN AANCLED-W,80.00,89.00,89.00,57.33,71.20,66.75,ABCD,0,0,0,0.00,0,1,LED Oval Bulkhead White,LED Oval Bulkhead White. *All Polycarbonate suitable for wall or ceiling applications. *Supplies with both plain and eyelid diffusers *Non-dimmable *Available in Black or White **,78*81,2,,7,23,,772,4000,0,80,40000,0,0,0,0,,66,12W LED 4000K,0,,230,325,,95,,,,,,,,,,,,,,,1,,,,,,,,
A18 15400,Ansell,AN AAN 226/HF,products/AN AAN 226-HF,110.00,137.00,110.00,88.90,109.60,102.75,B,0,0,0,0.00,0,1,Outdoor Wall Light Black,*Die-cast aluminium construction with opal polycarbonate diffuser *Halo light spill feature* Available as 2 x 26W PL-C or 20W Cool White LED**,78*81,2,,8,2,,0,0,0,0,,2,26,PL-C,G24d-3,,65,2 x 26w G24d-3 PL-C,20W LED,,,,325,125,,,,,,,,,,,,,,,1,,,,,,,,
A18 15401,Ansell,AN AAN 226/SG/HF,products/AN AAN 226-SG-HF,110.00,137.00,110.00,88.90,109.60,102.75,B,0,0,0,0.00,0,1,Outdoor Wall Light Silver Grey,*Die-cast aluminium construction with opal polycarbonate diffuser *Halo light spill feature* Available as 2 x 26W PL-C or 20W Cool White LED**,78*81,2,,8,34,,0,0,0,0,,2,26,PL-C,G24d-3,,65,2 x 26w G24d-3 PL-C,20W LED,,,,325,125,,,,,,,,,,,,,,,1,,,,,,,,
A18 15402,Ansell,AN AANLED,products/AN AANLED,167.00,209.00,209.00,135.64,167.20,156.75,0,0,0,0,0.00,0,1,LED Outdoor Wall Light Black,*Die-cast aluminium construction with opal polycarbonate diffuser *Halo light spill feature* Available as 2 x 26W PL-C or 20W Cool White LED**,78*81,2,,8,2,,2143,4000,0,80,,0,0,0,0,,65,20W LED  4000K,0,,,,325,125,,,,,,,,,,,,,,,1,,,,,,,,
A18 15403,Ansell,AN AANLED/SG,products/AN AANLED-SG,167.00,209.00,209.00,135.64,167.20,156.75,0,0,0,0,0.00,0,1,LED Outdoor Wall Light Silver Grey,*Die-cast aluminium construction with opal polycarbonate diffuser *Halo light spill feature* Available as 2 x 26W PL-C or 20W Cool White LED**,78*81,2,,8,34,,2143,4000,0,80,,0,0,0,0,,65,20W LED  4000K,0,,,,325,125,,,,,,,,,,,,,,,1,,,,1,,,,
A18 15930,Ansell,AN AAUE27/HAL/BS,products/AN AAUE27-HAL-BS,148.00,185.00,148.00,119.98,148.00,138.75,0,0,0,0,0.00,0,1,Outdoor Hanging Lantern,*Die-cast aluminium construction with transtarent polycarbonate diffuser *Aged Black Silver with Copper top**,131,2,,8,,,0,0,0,0,,1,100,0,ES,,44,1 x 100w ES ,0,,,,250,,,980,,,,,,,,,,,,,1,,,,,,,,
A18 15931,Ansell,AN AAUE27/MPTL/BS,products/AN AAUE27-MPTL-BS,173.00,216.00,173.00,139.83,172.80,162.00,0,0,0,0,0.00,0,1,1 Head Mini Lamp Post,*Die-cast aluminium construction with transtarent polycarbonate diffuser *Aged Black Silver with Copper top**,74,2,,8,,,0,0,0,0,,1,100,0,ES,,44,1 x 100w ES ,0,,,1200,250,,,,,,,,,,,,,,,,1,,,,1,,,,
A18 15932,Ansell,AN AAUE27/PIL/BS,products/AN AAUE27-PIL-BS,154.00,193.00,155.00,124.96,154.40,144.75,0,0,0,0,0.00,0,1,Outdoor Pillar Top,*Die-cast aluminium construction with transtarent polycarbonate diffuser *Aged Black Silver with Copper top**,72,2,,8,,,0,0,0,0,,1,100,0,ES,,44,1 x 100w ES ,0,,,580,250,,,,,,,,,,,,,,,,1,,,,,,,,
A18 15936,Ansell,AN AAUE27WLBA/BS,products/AN AAUE27WLBA-BS,151.00,189.00,152.00,122.34,151.20,141.75,0,0,0,0,0.00,0,1,Outdoor Wall Light,*Die-cast aluminium construction with transtarent polycarbonate diffuser *Aged Black Silver with Copper top**,77,2,,8,,,0,0,0,0,,1,100,0,ES,,44,1 x 100w ES ,0,,250,500,,320,,,,,,,,,,,,,,,1,,,,,,,,
A18 16020,Ansell,AN AAX/2LED/WHI,products/AN AAX-2LED-WHI,105.00,132.00,106.00,85.22,105.60,99.00,0,0,0,0,0.00,0,1,LED Up/Down Exterior Wall Light,LED Up/Down Exterior Wall Light. *Brushed Satin Aluminium construction with frosted Acrylic accents. *Suitable for internal and external applications *Internal driver **,81,2,,8,47,,2x264,6000,0,60,,2,3,LED,0,,44,2 x 3w  LED,0,,65,178,,87,,,,,,,,,,,,,,,1,,,,,,,,
A18 16460,Ansell,AN ABLF40/B,products/AN ABLF40-B,17.00,,17.00,10.73,13.60,12.75,ABCD,0,0,0,0.00,0,1,Bricklight plain frame,*Die-cast aluminium housing *Toughened front frosted glass *Also available in 9W PL-S**,79,2,,8,2,,0,0,0,0,,1,40,0,ES,,44,1 x 40w ES ,0,,232,100,,,,,,,,,,,,75,,,,,1,,,,,,,,
A18 16461,Ansell,AN ABLL40/B,products/AN ABLL40-B,17.00,,17.00,10.73,13.60,12.75,ABCD,0,0,0,0.00,0,1,Bricklight with louvre,*Die-cast aluminium housing *Toughened front frosted glass *Also available in 9W PL-S**,79,2,,8,2,,0,0,0,0,,1,40,0,ES,,44,1 x 40w ES ,0,,232,100,,,,,,,,,,,,75,,,,,1,,,,,,,,
A18 17520,Ansell,AN ACA226/HF,products/AN ACA226-HF,110.00,137.00,110.00,88.90,109.60,102.75,ABCD,0,0,0,0.00,0,1,Outdoor Wall Light Black,Die-cast aluminium construction with opal polycarbonate diffuser *Available as 2 x 26W PL-C or 20W Cool White LED **,78*81,2,,8,2,,0,0,0,0,,2,26,PL-C,G24d-3,,65,2 x 26w G24d-3 PL-C,20W LED,,,,325,125,,,,,,,,,,,,,,,1,,,,,,,,
A18 17521,Ansell,AN ACA226/SG/HF,products/AN ACA226-SG-HF,110.00,137.00,110.00,88.90,109.60,102.75,ABCD,0,0,0,0.00,0,1,Outdoor Wall Light Silver Grey,Die-cast aluminium construction with opal polycarbonate diffuser *Available as 2 x 26W PL-C or 20W Cool White LED **,78*81,2,,8,34,,0,0,0,0,,2,26,PL-C,G24d-3,,65,2 x 26w G24d-3 PL-C,20W LED,,,,325,125,,,,,,,,,,,,,,,1,,,,,,,,
A18 17522,Ansell,AN ACALED,products/AN ACALED,167.00,209.00,209.00,135.64,167.20,156.75,0,0,0,0,0.00,0,1,LED Outdoor Wall Light Black,Die-cast aluminium construction with opal polycarbonate diffuser *Available as 2 x 26W PL-C or 20W Cool White LED **,78*81,2,,8,2,,2143,4000,0,80,,0,0,0,0,,65,20W LED  4000K,0,,,,325,125,,,,,,,,,,,,,,,1,,,,,,,,
A18 17523,Ansell,AN ACALED/SG,products/AN ACALED-SG,167.00,209.00,209.00,135.64,167.20,156.75,0,0,0,0,0.00,0,1,LED Outdoor Wall Light Silver Grey,Die-cast aluminium construction with opal polycarbonate diffuser *Available as 2 x 26W PL-C or 20W Cool White LED **,78*81,2,,8,34,,2143,4000,0,80,,0,0,0,0,,65,20W LED  4000K,0,,,,325,125,,,,,,,,,,,,,,,1,,,,,,,,
A18 18580,Ansell,AN ADM50GU10,products/AN ADM50GU10,67.00,,61.00,43.04,53.60,50.25,ABCD,0,0,0,0.00,0,1,Outdoor Up/Down Wall Light,Bi-directional wall light with housing in die-cast aluminium with a textured paint finish,78,2,,8,2,,0,0,0,0,,2,50,GU10,0,,65,2 x 50w  GU10,0,,90,260,150,,,,,,,,,,,,,,,,1,,,,,,,,
A18 18581,Ansell,AN ADM50GU10SG,products/AN ADM50GU10SG,67.00,,61.00,43.04,53.60,50.25,ABCD,0,0,0,0.00,0,1,Outdoor Up/Down Wall Light,Bi-directional wall light with housing in die-cast aluminium with a textured paint finish,78,2,,8,23,,0,0,0,0,,2,50,GU10,0,,65,2 x 50w  GU10,0,,90,260,150,,,,,,,,,,,,,,,,1,,,,1,,,,
A18 19110,Ansell,AN ADU118/HF,products/AN ADU118-HF,87.00,,79.00,56.33,69.60,65.25,ABCD,0,0,0,0.00,0,1,Outdoor Wall Light Up or Down Facing,*Aluminium construction with polycarbonate diffuser *Installation in either upward or downward orientation *Suitable for internal and external applications *Black textured paint finish**,78,2,,8,2,,0,0,0,0,,1,18,PL-C,0,,65,1 x 18w  PL-C,0,,271,142,148,,,,,,,,,,,,,,,,1,,,,,,,,
A18 19640,Ansell,AN AEBLF26/B,products/AN AEBLF26-B,51.00,,46.00,32.89,40.80,38.25,ABCD,0,0,0,0.00,0,1,Bricklight plain frame,*Housing in high resistant thermoplastic *Tempered satin safety glass diffuser and stainless steel screws *Supplied with thermoplastic back box for recessing **,79,2,,7,2,,0,0,0,0,,1,26,PL-C,0,,65,1 x 26w  PL-C,0,,270,126,,,,,,,,,,,,,,,,,1,,,,,,,,
A18 19641,Ansell,AN AEBLL26/B,products/AN AEBLL26-B,56.00,,51.00,35.76,44.80,42.00,ABCD,0,0,0,0.00,0,1,Bricklight with louvre,*Housing in high resistant thermoplastic *Tempered satin safety glass diffuser and stainless steel screws *Supplied with thermoplastic back box for recessing **,79,2,,7,2,,0,0,0,0,,1,26,PL-C,0,,65,1 x 26w  PL-C,0,,270,126,,,,,,,,,,,,,,,,,1,,,,,,,,
A18 20700,Ansell,AN ALE27/HAL,products/AN ALE27-HAL,80.00,100.00,80.00,64.69,80.00,75.00,ABCD,0,0,0,0.00,0,1,Outdoor Hanging Lantern,*Die-cast aluminium construction with transtarent polycarbonate diffuser *Available in Black or Black Copper paint finishes**,131,2,,8,,,0,0,0,0,,1,100,0,ES,,44,1 x 100w ES ,0,,,,250,,,980,,,,,,,,,,,,,1,,,,,,,,
A18 20704,Ansell,AN ALE27/WL/BL,products/AN ALE27-WL-BL,87.00,108.00,87.00,70.09,86.40,81.00,ABCD,0,0,0,0.00,0,1,Outdoor Wall Light,*Die-cast aluminium construction with transtarent polycarbonate diffuser *Available in Black or Black Copper paint finishes**,77,2,,8,,,0,0,0,0,,1,100,0,ES,,44,1 x 100w ES ,0,,250,500,,410,,,,,,,,,,,,,,,1,,,,,,,,
A18 20705,Ansell,AN ALE27/WL/SS,products/AN ALE27-WL-SS,229.00,286.00,229.00,185.85,228.80,214.50,ABCD,0,0,0,0.00,0,1,Outdoor Wall Light,*High Grade AISI 316L stainless steel Outdoor Wall light *Transtarent polycarbonate diffuser **,77,2,,8,35,,0,0,0,0,,1,100,0,ES,,44,1 x 100w ES ,0,,250,350,,340,,,,,,,,,,,,,,,1,,,,,,,,
A18 21230,Ansell,AN ALEO/100E27,products/AN ALEO-100E27,91.00,,82.00,58.81,72.80,68.25,ABCD,0,0,0,0.00,0,1,Bollard,Die-cast aluminium Bollard with polycarbonate diffuser ,75,2,,8,2,,0,0,0,0,,1,100,0,ES,,44,1 x 100w ES ,0,,,650,205,,,,,,,,,,,,,,,,1,,,,,,,,
A18 21760,Ansell,AN ALI218/HF,products/AN ALI218-HF,95.00,118.00,95.00,76.44,94.40,88.50,ABCD,0,0,0,0.00,0,1,Outdoor Wall Light Black,*Die-cast aluminium body with opal polycarbonate diffuser *360 degree light spill feature**,78,2,,8,2,,0,0,0,0,,2,18,PL-C,G24q-2,,65,2 x 18w G24q-2 PL-C,0,320,200,,,100,,,,,,,,,,,,,,,1,,,,,,,,
A18 21761,Ansell,AN ALI218/SG/HF,products/AN ALI218-SG-HF,95.00,118.00,95.00,76.44,94.40,88.50,ABCD,0,0,0,0.00,0,1,Outdoor Wall Light Silver Grey,*Die-cast aluminium body with opal polycarbonate diffuser *360 degree light spill feature**,78,2,,8,34,,0,0,0,0,,2,18,PL-C,G24q-2,,65,2 x 18w G24q-2 PL-C,0,320,200,,,100,,,,,,,,,,,,,,,1,,,,,,,,
A18 22290,Ansell,AN ALIB/100E27,products/AN ALIB-100E27,95.00,,86.00,61.66,76.00,71.25,ABCD,0,0,0,0.00,0,1,Bollard,*Die-cast aluminium Bollard with polycarbonate diffuser *Internal stainless steel louvre **,75,2,,8,2,,0,0,0,0,,1,100,0,ES,,65,1 x 100w ES ,0,,,1000,138,,,,,,,,,,,,,,,,1,,,,,,,,
A18 22820,Ansell,AN AME27045/BL,products/AN AME27045-BL,111.00,139.00,112.00,90.11,111.20,104.25,ABCD,0,0,0,0.00,0,1,450mm Bollard,"*E27 Die-cast aluminium Bollard with external louvred head *Textured black powder coat finish *Suitable for domestic and commercial applications *Matching Wall Lights *Available as E27, PL-C, SONE / HQI-E**",75,2,,8,2,,0,0,0,0,,1,100,0,ES,,44,1 x 100w ES ,0,,,450,160,,,,,,,,,,,,,,,,1,,,,,,,,
A18 22821,Ansell,AN AME27075/BL,products/AN AME27075-BL,129.00,161.00,129.00,104.07,128.80,120.75,ABCD,0,0,0,0.00,0,1,750mm Bollard,"*E27 Die-cast aluminium Bollard with external louvred head *Textured black powder coat finish *Suitable for domestic and commercial applications *Matching Wall Lights *Available as E27, PL-C, SONE / HQI-E**",75,2,,8,2,,0,0,0,0,,1,100,0,ES,,44,1 x 100w ES ,0,,,750,160,,,,,,,,,,,,,,,,1,,,,,,,,
A18 22822,Ansell,AN AME27100-BL,products/AN AME27100-BL,148.00,185.00,148.00,119.82,148.00,138.75,ABCD,0,0,0,0.00,0,1,1000mm Bollard,"*E27 Die-cast aluminium Bollard with external louvred head *Textured black powder coat finish *Suitable for domestic and commercial applications *Matching Wall Lights *Available as E27, PL-C, SONE / HQI-E**",75,2,,8,2,,0,0,0,0,,1,100,0,ES,,44,1 x 100w ES ,0,,,1000,160,,,,,,,,,,,,,,,,1,,,,,,,,
A18 22824,Ansell,AN AME27045/SS,products/AN AME27045-SS,260.00,325.00,260.00,210.91,260.00,243.75,ABCD,0,0,0,0.00,0,1,Stainless Steel 450mm Bollard,"*E27 High Grade AISI 316L stainless steel Bollard *External louvred head and opal polycarbonate diffuser *Suitable for commercial and domestic applications *Available as E27, PL-C, SONE / HQI-E**",75,2,,8,35,,0,0,0,0,,1,75,0,ES,,44,1 x 75w ES ,0,,,450,160,,,,,,,,,,,,,,,,1,,,,,,,,
A18 22825,Ansell,AN AME27075/SS,products/AN AME27075-SS,300.00,375.00,300.00,243.30,300.00,281.25,ABCD,0,0,0,0.00,0,1,Stainless Steel 750mm Bollard,"*E27 High Grade AISI 316L stainless steel Bollard *External louvred head and opal polycarbonate diffuser *Suitable for commercial and domestic applications *Available as E27, PL-C, SONE / HQI-E**",75,2,,8,35,,0,0,0,0,,1,75,0,ES,,44,1 x 75w ES ,0,,,750,160,,,,,,,,,,,,,,,,1,,,,,,,,
A18 22826,Ansell,AN AME27100/SS,products/AN AME27100-SS,363.00,453.00,363.00,294.45,362.40,339.75,ABCD,0,0,0,0.00,0,1,Stainless Steel 1000mm Bollard,"*E27 High Grade AISI 316L stainless steel Bollard *External louvred head and opal polycarbonate diffuser *Suitable for commercial and domestic applications *Available as E27, PL-C, SONE / HQI-E**",75,2,,8,35,,0,0,0,0,,1,75,0,ES,,44,1 x 75w ES ,0,,,1000,160,,,,,,,,,,,,,,,,1,,,,,,,,
A18 23350,Ansell,AN ANLED/045GR,products/AN ANLED-045GR,310.00,387.00,310.00,251.47,309.60,290.25,ABCD,0,0,0,0.00,0,1,LED 450mm Bollard,*Modern style bollard suitable for commercial and domestic applications *Body in die-cast and extruded aluminium *White reflector with clear polycarbonate diffuser *5W Cool White LED**,76,2,,8,,,430,5000,0,65,,0,5,LED,0,,55,5W LED,0,,,450,158,,,,,,,,,,,,,,,,1,,,,,,,,
A18 23351,Ansell,AN ANLED/075GR,products/AN ANLED-075GR,356.00,444.00,356.00,288.52,355.20,333.00,ABCD,0,0,0,0.00,0,1,LED 750mm Bollard,*Modern style bollard suitable for commercial and domestic applications *Body in die-cast and extruded aluminium *White reflector with clear polycarbonate diffuser *10W Cool White LED**,76,2,,8,,,910,5000,0,65,,0,10,LED,0,,55,10W LED,0,,,750,158,,,,,,,,,,,,,,,,1,,,,,,,,
A18 23352,Ansell,AN ANLED/100GR,products/AN ANLED-100GR,366.00,458.00,367.00,297.26,366.40,343.50,ABCD,0,0,0,0.00,0,1,LED 1000mm Bollard,*Modern style bollard suitable for commercial and domestic applications *Body in die-cast and extruded aluminium *White reflector with clear polycarbonate diffuser *10W Cool White LED**,76,2,,8,,,910,5000,0,65,,0,10,LED,0,,55,10W LED,0,,,1000,158,,,,,,,,,,,,,,,,1,,,,,,,,
A18 24100,Ansell,AN APESLED/B,products/AN APESLED-B,80.00,89.00,89.00,57.33,71.20,66.75,ABCD,0,0,0,0.00,0,1,LED Bulkhead Black,LED Bulkhead Black. *All Polycarbonate suitable for wall or ceiling applications. *Supplies with both plain and eyelid diffusers *Non-dimmable *Available in Black or White **,78*81,2,,7,2,,834,4000,0,80,40000,0,0,0,0,,66,12W LED 4000K,0,,,,300,90,,,,,,,,,,,,,,,1,,,,,,,,
A18 24101,Ansell,AN APESLED/W,products/AN APESLED-W,80.00,89.00,89.00,57.33,71.20,66.75,ABCD,0,0,0,0.00,0,1,LED Bulkhead White,LED Bulkhead White. *All Polycarbonate suitable for wall or ceiling applications. *Supplies with both plain and eyelid diffusers *Non-dimmable *Available in Black or White **,78*81,2,,7,23,,834,4000,0,80,40000,0,0,0,0,,66,12W LED 4000K,0,,,,300,90,,,,,,,,,,,,,,,1,,,,,,,,
A18 25470,Ansell,AN ARIO/B,products/AN ARIO-B,50.00,,50.00,32.29,40.00,37.50,ABCD,0,0,0,0.00,0,1,Outdoor Wall or Ceiling Light,Black die-cast aluminium body with opal polycarbonate diffuser,78*132,2,,8,2,,0,0,0,0,,1,60,0,ES,,65,1 x 60w ES ,0,250,250,,,110,,,,,,,,,,,,,,,1,,,,,,,,
A18 26000,Ansell,AN ASC075/B,products/AN ASC075-B,26.00,,26.00,16.38,20.80,19.50,ABCD,0,0,0,0.00,0,1,Outdoor Wall Light Black,*E27 Injection moulded thermoplastic body *Opal polycarbonate diffuser for resillience *Optional eyelid cover accessory replaces plain frame *Low Energy PL-C version or LED available**,78,2,,7,2,,0,0,0,0,,1,60,0,ES,,65,1 x 60w ES ,0,,180,330,,120,,,,,,,,,,,,,,,1,,,,,,,,
A18 26001,Ansell,AN ASC075/W,products/AN ASC075-W,26.00,,26.00,16.38,20.80,19.50,ABCD,0,0,0,0.00,0,1,Outdoor Wall Light White,*E27 Injection moulded thermoplastic body *Opal polycarbonate diffuser for resillience *Optional eyelid cover accessory replaces plain frame *Low Energy PL-C version or LED available**,78,2,,7,23,,0,0,0,0,,1,60,0,ES,,65,1 x 60w ES ,0,,180,330,,120,,,,,,,,,,,,,,,1,,,,,,,,
A18 26002,Ansell,AN ASCOLED/B,products/AN ASCOLED-B,54.00,60.00,60.00,38.81,48.00,45.00,0,0,0,0,0.00,0,1,LED Outdoor Wall Light Black,*E27 Injection moulded thermoplastic body *Opal polycarbonate diffuser for resillience *Optional eyelid cover accessory replaces plain frame *Low Energy PL-C version or LED available**,78*81,2,,7,2,,400,4000,0,80,,0,0,0,0,,65,8W LED  4000K,0,,180,330,,120,,,,,,,,,,,,,,,1,,,,,,,,
A18 26003,Ansell,AN ASCOLED/W,products/AN ASCOLED-W,54.00,60.00,60.00,38.81,48.00,45.00,0,0,0,0,0.00,0,1,LED Outdoor Wall Light White,*E27 Injection moulded thermoplastic body *Opal polycarbonate diffuser for resillience *Optional eyelid cover accessory replaces plain frame *Low Energy PL-C version or LED available**,78*81,2,,7,23,,400,4000,0,80,,0,0,0,0,,65,8W LED  4000K,0,,180,330,,120,,,,,,,,,,,,,,,1,,,,1,,,,
A18 26530,Ansell,AN ASC75/B,products/AN ASC75-B,27.00,,27.00,17.28,21.60,20.25,ABCD,0,0,0,0.00,0,1,Outdoor Wall Light Black,*Injection moulded thermoplastic body *Opal polycarbonate diffuser for resillience *Wall or Ceiling mount**,78*132,2,,7,2,,0,0,0,0,,1,75,0,ES,,65,1 x 75w ES ,0,,,,270,91,,,,,,,,,,,,,,,1,,,,,,,,
A18 26531,Ansell,AN ASC75/W,products/AN ASC75-W,27.00,,27.00,17.28,21.60,20.25,ABCD,0,0,0,0.00,0,1,Outdoor Wall Light White,*Injection moulded thermoplastic body *Opal polycarbonate diffuser for resillience *Wall or Ceiling mount**,78*132,2,,7,23,,0,0,0,0,,1,75,0,ES,,65,1 x 75w ES ,0,,,,270,91,,,,,,,,,,,,,,,1,,,,,,,,
A18 27060,Ansell,AN ASI118/B,products/AN ASI118-B,48.00,,48.00,30.59,38.40,36.00,ABCD,0,0,0,0.00,0,1,Outdoor Wall Light Black,*Injection moulded thermoplastic body *Opal polycarbonate diffuser for resillience**,78,2,,7,2,,0,0,0,0,,1,18,PL-C,G24d-2,,65,1 x 18w G24d-2 PL-C,0,,,,295,96,,,,,,,,,,,,,,,1,,,,,,,,
A18 27061,Ansell,AN ASI118/W,products/AN ASI118-W,43.00,48.00,44.00,30.59,38.40,36.00,ABCD,0,0,0,0.00,0,1,Outdoor Wall Light White,*Injection moulded thermoplastic body *Opal polycarbonate diffuser for resillience**,78,2,,7,23,,0,0,0,0,,1,18,PL-C,G24d-2,,65,1 x 18w G24d-2 PL-C,0,,,,295,96,,,,,,,,,,,,,,,1,,,,,,,,
A18 27590,Ansell,AN ASI138/B/HF,products/AN ASI138-B-HF,77.00,96.00,77.00,62.09,76.80,72.00,ABCD,0,0,0,0.00,0,1,Outdoor Wall Light Black,*Injection moulded thermoplastic body *Opal polycarbonate diffuser for resillience**,78,2,,7,2,,0,0,0,0,,1,38,2D,0,,65,1 x 38w  2D,0,,,,380,120,,,,,,,,,,,,,,,1,,,,,,,,
A18 27591,Ansell,AN ASI138/W/HF,products/AN ASI138-W-HF,77.00,96.00,77.00,62.09,76.80,72.00,ABCD,0,0,0,0.00,0,1,Outdoor Wall Light White,*Injection moulded thermoplastic body *Opal polycarbonate diffuser for resillience**,78,2,,7,23,,0,0,0,0,,1,38,2D,0,,65,1 x 38w  2D,0,,,,380,120,,,,,,,,,,,,,,,1,,,,,,,,
A18 28120,Ansell,AN ASI226/HF,products/AN ASI226-HF,99.00,124.00,100.00,80.34,99.20,93.00,ABCD,0,0,0,0.00,0,1,Outdoor Wall Light Black,*Die-cast aluminium body with opal polycarbonate diffuser *360 degree light spill feature**,78,2,,8,2,,0,0,0,0,,2,26,PL-C,0,,65,2 x 26w  PL-C,0,300,300,,,87,,,,,,,,,,,,,,,1,,,,,,,,
A18 28121,Ansell,AN ASI226/SG/HF,products/AN ASI226-SG-HF,99.00,124.00,100.00,80.34,99.20,93.00,ABCD,0,0,0,0.00,0,1,Outdoor Wall Light Silver Grey,*Die-cast aluminium body with opal polycarbonate diffuser *360 degree light spill feature**,78,2,,8,34,,0,0,0,0,,2,26,PL-C,0,,65,2 x 26w  PL-C,0,300,300,,,87,,,,,,,,,,,,,,,1,,,,,,,,
A18 29180,Ansell,AN ATX20/60,products/AN ATX20-60,9.00,,9.00,3.79,7.20,6.75,0,0,0,0,0.00,0,1,Low Voltage Transformer,"*Electronic Transformer *Auto reset for thermal, short circuit and overload protection *5 Year guarantee *Fully dimmable with most leading and trailing edge dimmers**",190,2,,,,,0,0,0,0,,0,0,0,0,,20,,0,117.5,37.5,24.2,,,,,,,,,,,,,,,,,1,,,,,,,,
A18 34410,Ansell,AN AUE27040/SS,products/AN AUE27040-SS,224.00,280.00,224.00,181.95,224.00,210.00,ABCD,0,0,0,0.00,0,1,400mm Bollard,*High Grade AISI 316L stainless steel Bollard *Suitable for commercial and domestic applications **,75,2,,8,35,,0,0,0,0,,1,60,0,ES,,44,1 x 60w ES ,0,,,400,100,,,,,,,,,,,,,,,,1,,,,,,,,
A18 34411,Ansell,AN AUE27070/SS,products/AN AUE27070-SS,260.00,325.00,260.00,211.07,260.00,243.75,ABCD,0,0,0,0.00,0,1,700mm Bollard,*High Grade AISI 316L stainless steel Bollard *Suitable for commercial and domestic applications **,75,2,,8,35,,0,0,0,0,,1,60,0,ES,,44,1 x 60w ES ,0,,,700,100,,,,,,,,,,,,,,,,1,,,,,,,,
A18 34412,Ansell,AN AUE27100/SS,products/AN AUE27100-SS,301.00,376.00,301.00,244.21,300.80,282.00,ABCD,0,0,0,0.00,0,1,1000mm Bollard,*High Grade AISI 316L stainless steel Bollard *Suitable for commercial and domestic applications **,75,2,,8,35,,0,0,0,0,,1,60,0,ES,,44,1 x 60w ES ,0,,,1000,100,,,,,,,,,,,,,,,,1,,,,,,,,
A18 34940,Ansell,AN AUN126/HF,products/AN AUN126-HF,64.00,80.00,64.00,51.76,64.00,60.00,ABCD,0,0,0,0.00,0,1,Outdoor Wall Light Black,Die-cast aluminium construction with opal polycarbonate diffuser *Available as 26W PL-C or 18W Warm White LED **,78*81,2,,8,2,,0,0,0,0,,1,26,PL-C,G24d-3,,65,1 x 26w G24d-3 PL-C,18W LED,,,,270,123,,,,,,,,,,,,,,,1,,,,,,,,
A18 34941,Ansell,AN AUN126/SG/HF,products/AN AUN126-SG-HF,64.00,80.00,64.00,51.76,64.00,60.00,ABCD,0,0,0,0.00,0,1,Outdoor Wall Light Silver Grey,Die-cast aluminium construction with opal polycarbonate diffuser *Available as 26W PL-C or 18W Warm White LED **,78*81,2,,8,34,,0,0,0,0,,1,26,PL-C,G24d-3,,65,1 x 26w G24d-3 PL-C,18W LED,,,,270,123,,,,,,,,,,,,,,,1,,,,,,,,
A18 34942,Ansell,AN AUNLED,products/AN AUNLED,100.00,125.00,100.00,80.73,100.00,93.75,0,0,0,0,0.00,0,1,LED Die-Cast Fitting Black,LED Die-Cast Fitting Black.*Die-cast aluminium with polycarbonate diffuser. *Non-dimmable *Available in Black or Silver Grey finish **,78*81,2,,8,2,,0,0,0,0,,1,20,LED,0,,65,20W LED  3000K,0,,,,270,123,,,,,,,,,,,,,,,1,,,,,,,,
A18 34943,Ansell,AN AUNLED/SG,products/AN AUNLED-SG,100.00,125.00,100.00,80.73,100.00,93.75,0,0,0,0,0.00,0,1,LED Die-Cast Fitting Silver Grey,LED Die-Cast Fitting Silver Grey.*Die-cast aluminium with polycarbonate diffuser. *Non-dimmable *Available in Black or Silver Grey finish **,78*81,2,,8,34,,0,0,0,0,,1,20,LED,0,,65,20W LED  3000K,0,,,,270,123,,,,,,,,,,,,,,,1,,,,,,,,
A18 39590,Ansell,AN AVILED/GR,products/AN AVILED-GR,111.00,138.00,138.00,89.70,110.40,103.50,0,0,0,0,0.00,0,1,LED Polycarbonate luminaire Graphite,"LED Polycarbonate luminaire Graphite. *Polycarbonate 3 in 1 fitting supplied with Plain, Louvered Eyelid and Plain Eyelid covers. *Non-dimmable *Emergency version available *Internal Microwave Sensor version available *Available in Graphite, Silver Grey or White finishes **",78*81,2,,7,32,,1690,4000,0,80,,0,20,0,LED,,65,20W LED  4000K,1690 lumens,,,,352,122,,,,,,,,,,,,,,,1,,,,,,,,
A18 39591,Ansell,AN AVILED/SG,products/AN AVILED-SG,111.00,138.00,138.00,89.70,110.40,103.50,0,0,0,0,0.00,0,1,LED Polycarbonate luminaire Silver Grey,"LED Polycarbonate luminaire Silver Grey. *Polycarbonate 3 in 1 fitting supplied with Plain, Louvered Eyelid and Plain Eyelid covers. *Non-dimmable *Emergency version available *Internal Microwave Sensor version available *Available in Graphite, Silver Grey or White finishes **",78*81,2,,7,34,,1690,4000,0,80,,0,20,0,LED,,65,20W LED  4000K,1690 lumens,,,,352,122,,,,,,,,,,,,,,,1,,,,,,,,
A18 39592,Ansell,AN AVILED/W,products/AN AVILED-W,111.00,138.00,138.00,89.70,110.40,103.50,0,0,0,0,0.00,0,1,LED Polycarbonate luminaire White,"LED Polycarbonate luminaire White. *Polycarbonate 3 in 1 fitting supplied with Plain, Louvered Eyelid and Plain Eyelid covers. *Non-dimmable *Emergency version available *Internal Microwave Sensor version available *Available in Graphite, Silver Grey or White finishes **",78*81,2,,7,23,,1690,4000,0,80,,0,20,0,LED,,65,20W LED  4000K,1690 lumens,,,,352,122,,,,,,,,,,,,,,,1,,,,1,,,,
A18 39710,Ansell,AN AWP70S,products/AN AWP70S,78.00,98.00,79.00,63.18,78.40,73.50,BD,0,0,0,0.00,0,1,Wallpack floodlight 70W SON,"*Die-cast aluminium housing with hinged polycarbonate front cover *Supplied with control gear and lamp *3 year control gear warranty *Available as 70W SONE-I, 80W MBF, 2 x 26W PL-C or 15W LED **",78,2,,8,2,,0,0,0,0,,1,70,SON-I,0,1,65,1 x 70w  SON-I,0,,265,310,,188,,,,,,,,,,,,,,,1,,,,,,,,
A18 39711,Ansell,AN AWP80M,products/AN AWP80M,79.00,99.00,80.00,64.08,79.20,74.25,BD,0,0,0,0.00,0,1,Wallpack floodlight 80W MBF,"*Die-cast aluminium housing with hinged polycarbonate front cover *Supplied with control gear and lamp *3 year control gear warranty *Available as 70W SONE-I, 80W MBF, 2 x 26W PL-C or 15W LED **",78,2,,8,2,,0,0,0,0,,1,80,MBF,0,1,66,1 x 80w  MBF,0,,265,310,,188,,,,,,,,,,,,,,,1,,,,,,,,
A18 39712,Ansell,AN AWP226/HF,products/AN AWP226-HF,98.00,123.00,99.00,79.52,98.40,92.25,BD,0,0,0,0.00,0,1,Wallpack floodlight 2 x 26W CFL,"*Die-cast aluminium housing with hinged polycarbonate front cover *Supplied with control gear and lamp *3 year control gear warranty *Available as 70W SONE-I, 80W MBF, 2 x 26W PL-C or 15W LED **",82,2,,8,2,,0,0,0,0,,2,26,PL-C,0,1,0,2 x 26w  PL-C,0,,265,310,,188,,,,,,,,,,,,,,,1,,,,,,,,
A18 11100,Ansell,AN ATL/BA,products/AN ATL-BA,3.00,,3.00,1.83,2.40,2.25,BD,0,0,10,1.81,0,1,Twistlock Baffle Adaptor - Black,*Low glare black baffle adaptor raises lamp height to reduce direct glare *Fits into lamp ring and has additional lamp retaining ring **,190,2,,8,,,0,0,0,0,,1,0,0,0,,0,,0,,,,,,,,,,,,,,,,,,,,1,,,,,,,,
A18 11110,Ansell,AN ATL/DG1,products/AN ATL-DG1,7.00,,7.00,4.06,5.60,5.25,BD,0,0,10,4.01,0,1,Twistlock Dropglass - Frosted Centre,*Decorative Dropglass attachment *Replaces lamp ring **,176,2,,8,28,,0,0,0,0,,1,0,0,0,,0,,0,,,,,,,,,,,,,,,,,,,,1,,,,,,,,
A18 11111,Ansell,AN ATL/DG2,products/AN ATL-DG2,7.00,,7.00,4.06,5.60,5.25,BD,0,0,10,4.01,0,1,Twistlock Dropglass - Frosted Outer,*Decorative Dropglass attachment *Replaces lamp ring **,176,2,,8,28,,0,0,0,0,,1,0,0,0,,0,,0,,,,,,,,,,,,,,,,,,,,1,,,,,,,,
A18 11140,Ansell,AN ATLD/AB,products/AN ATLD-AB,10.00,,10.00,6.20,8.00,7.50,BD,0,0,10,6.13,0,1,Antique Brass Twistlock MR16 / GU10 Die-cast Downlight,"*Manufactured from high grade die-cast aluminium *Supplied with low voltage and GU10 lampholders *Permanent earth on stirrup bracket for GU10 mains earthing *Suitable for Halogen, CFL or LED lamps *Available in White, Brass, Chrome, Satin Chrome, Antique Brass, Brush Brass, Black Chrome **",95,2,4,8,1,,0,0,0,0,,1,50,MR16/GU10,0,,20,1 x 50w  MR16/GU10,0,,,,82,,,,,,,,,,72,,,,,,1,,,,,,,,
A18 11141,Ansell,AN ATLD/BB,products/AN ATLD-BB,10.00,,10.00,6.20,8.00,7.50,BD,0,0,10,6.13,0,1,Brushed Brass Twistlock MR16 / GU10 Die-cast Downlight,"*Manufactured from high grade die-cast aluminium *Supplied with low voltage and GU10 lampholders *Permanent earth on stirrup bracket for GU10 mains earthing *Suitable for Halogen, CFL or LED lamps *Available in White, Brass, Chrome, Satin Chrome, Antique Brass, Brush Brass, Black Chrome **",95,2,4,8,36,,0,0,0,0,,1,50,MR16/GU10,0,,20,1 x 50w  MR16/GU10,0,,,,82,,,,,,,,,,72,,,,,,1,,,,,,,,
A18 11142,Ansell,AN ATLD/BLC,products/AN ATLD-BLC,10.00,,10.00,6.20,8.00,7.50,BD,0,0,10,6.13,0,1,Black Chrome Twistlock MR16 / GU10 Die-cast Downlight,"*Manufactured from high grade die-cast aluminium *Supplied with low voltage and GU10 lampholders *Permanent earth on stirrup bracket for GU10 mains earthing *Suitable for Halogen, CFL or LED lamps *Available in White, Brass, Chrome, Satin Chrome, Antique Brass, Brush Brass, Black Chrome **",95,2,4,8,3,,0,0,0,0,,1,50,MR16/GU10,0,,20,1 x 50w  MR16/GU10,0,,,,82,,,,,,,,,,72,,,,,,1,,,,,,,,
A18 11143,Ansell,AN ATLD/BR,products/AN ATLD-BR,9.00,,9.00,5.32,7.20,6.75,BD,0,0,10,5.26,0,1,Brass Twistlock MR16 / GU10 Die-cast Downlight,"*Manufactured from high grade die-cast aluminium *Supplied with low voltage and GU10 lampholders *Permanent earth on stirrup bracket for GU10 mains earthing *Suitable for Halogen, CFL or LED lamps *Available in White, Brass, Chrome, Satin Chrome, Antique Brass, Brush Brass, Black Chrome **",95,2,4,8,5,,0,0,0,0,,1,50,MR16/GU10,0,,20,1 x 50w  MR16/GU10,0,,,,82,,,,,,,,,,72,,,,,,1,,,,,,,,
A18 11144,Ansell,AN ATLD/CH,products/AN ATLD-CH,9.00,,9.00,5.32,7.20,6.75,BD,0,0,10,5.26,0,1,Chrome Twistlock MR16 / GU10 Die-cast Downlight,"*Manufactured from high grade die-cast aluminium *Supplied with low voltage and GU10 lampholders *Permanent earth on stirrup bracket for GU10 mains earthing *Suitable for Halogen, CFL or LED lamps *Available in White, Brass, Chrome, Satin Chrome, Antique Brass, Brush Brass, Black Chrome **",95,2,4,8,7,,0,0,0,0,,1,50,MR16/GU10,0,,20,1 x 50w  MR16/GU10,0,,,,82,,,,,,,,,,72,,,,,,1,,,,1,,,,
A18 11145,Ansell,AN ATLD/SC,products/AN ATLD-SC,9.00,,9.00,5.32,7.20,6.75,BD,0,0,10,5.26,0,1,Satin Chrome Twistlock MR16 / GU10 Die-cast Downlight,"*Manufactured from high grade die-cast aluminium *Supplied with low voltage and GU10 lampholders *Permanent earth on stirrup bracket for GU10 mains earthing *Suitable for Halogen, CFL or LED lamps *Available in White, Brass, Chrome, Satin Chrome, Antique Brass, Brush Brass, Black Chrome **",95,2,4,8,21,,0,0,0,0,,1,50,MR16/GU10,0,,20,1 x 50w  MR16/GU10,0,,,,82,,,,,,,,,,72,,,,,,1,,,,,,,,
A18 11146,Ansell,AN ATLD/W,products/AN ATLD-W,7.00,,7.00,4.29,5.60,5.25,BD,0,0,10,4.24,0,1,White Twistlock MR16 / GU10 Die-cast Downlight,"*Manufactured from high grade die-cast aluminium *Supplied with low voltage and GU10 lampholders *Permanent earth on stirrup bracket for GU10 mains earthing *Suitable for Halogen, CFL or LED lamps *Available in White, Brass, Chrome, Satin Chrome, Antique Brass, Brush Brass, Black Chrome **",95,2,4,8,23,,0,0,0,0,,1,50,MR16/GU10,0,,20,1 x 50w  MR16/GU10,0,,,,82,,,,,,,,,,72,,,,,,1,,,,,,,,
A18 11150,Ansell,AN ATLG/AB,products/AN ATLG-AB,13.00,,13.00,7.99,10.40,9.75,BD,0,0,10,7.89,0,1,Antique Brass Twistlock MR16 / GU10 Die-cast Gimbal,"*Manufactured from high grade die-cast aluminium *Supplied with low voltage and GU10 lampholders *Permanent earth on stirrup bracket for GU10 mains earthing *Suitable for Halogen, CFL or LED lamps *Available in White, Brass, Chrome, Satin Chrome, Antique Brass, Brush Brass, Black Chrome **",95,2,4,8,1,,0,0,0,0,,1,50,MR16/GU10,0,,20,1 x 50w  MR16/GU10,0,,,,95,,,,,,,,,,84,,,30,,,1,,,,,,,,
A18 11151,Ansell,AN ATLG/BB,products/AN ATLG-BB,13.00,,13.00,7.99,10.40,9.75,BD,0,0,10,7.89,0,1,Brushed Brass Twistlock MR16 / GU10 Die-cast Gimbal,"*Manufactured from high grade die-cast aluminium *Supplied with low voltage and GU10 lampholders *Permanent earth on stirrup bracket for GU10 mains earthing *Suitable for Halogen, CFL or LED lamps *Available in White, Brass, Chrome, Satin Chrome, Antique Brass, Brush Brass, Black Chrome **",95,2,4,8,36,,0,0,0,0,,1,50,MR16/GU10,0,,20,1 x 50w  MR16/GU10,0,,,,95,,,,,,,,,,84,,,30,,,1,,,,,,,,
A18 11152,Ansell,AN ATLG/BLC,products/AN ATLG-BLC,13.00,,13.00,7.99,10.40,9.75,BD,0,0,10,7.89,0,1,Black Chrome Twistlock MR16 / GU10 Die-cast Gimbal,"*Manufactured from high grade die-cast aluminium *Supplied with low voltage and GU10 lampholders *Permanent earth on stirrup bracket for GU10 mains earthing *Suitable for Halogen, CFL or LED lamps *Available in White, Brass, Chrome, Satin Chrome, Antique Brass, Brush Brass, Black Chrome **",95,2,4,8,3,,0,0,0,0,,1,50,MR16/GU10,0,,20,1 x 50w  MR16/GU10,0,,,,95,,,,,,,,,,84,,,30,,,1,,,,1,,,,
A18 11153,Ansell,AN ATLG/BR,products/AN ATLG-BR,11.00,,11.00,7.07,8.80,8.25,BD,0,0,10,6.98,0,1,Brass Twistlock MR16 / GU10 Die-cast Gimbal,"*Manufactured from high grade die-cast aluminium *Supplied with low voltage and GU10 lampholders *Permanent earth on stirrup bracket for GU10 mains earthing *Suitable for Halogen, CFL or LED lamps *Available in White, Brass, Chrome, Satin Chrome, Antique Brass, Brush Brass, Black Chrome **",95,2,4,8,5,,0,0,0,0,,1,50,MR16/GU10,0,,20,1 x 50w  MR16/GU10,0,,,,95,,,,,,,,,,84,,,30,,,1,,,,,,,,
A18 11154,Ansell,AN ATLG/CH,products/AN ATLG-CH,11.00,,11.00,7.07,8.80,8.25,BD,0,0,10,6.98,0,1,Chrome Twistlock MR16 / GU10 Die-cast Gimbal,"*Manufactured from high grade die-cast aluminium *Supplied with low voltage and GU10 lampholders *Permanent earth on stirrup bracket for GU10 mains earthing *Suitable for Halogen, CFL or LED lamps *Available in White, Brass, Chrome, Satin Chrome, Antique Brass, Brush Brass, Black Chrome **",95,2,4,8,7,,0,0,0,0,,1,50,MR16/GU10,0,,20,1 x 50w  MR16/GU10,0,,,,95,,,,,,,,,,84,,,30,,,1,,,,,,,,
A18 11155,Ansell,AN ATLG/SC,products/AN ATLG-SC,11.00,,11.00,7.07,8.80,8.25,BD,0,0,10,6.98,0,1,Satin Chrome Twistlock MR16 / GU10 Die-cast Gimbal,"*Manufactured from high grade die-cast aluminium *Supplied with low voltage and GU10 lampholders *Permanent earth on stirrup bracket for GU10 mains earthing *Suitable for Halogen, CFL or LED lamps *Available in White, Brass, Chrome, Satin Chrome, Antique Brass, Brush Brass, Black Chrome **",95,2,4,8,21,,0,0,0,0,,1,50,MR16/GU10,0,,20,1 x 50w  MR16/GU10,0,,,,95,,,,,,,,,,84,,,30,,,1,,,,,,,,
A18 11156,Ansell,AN ATLG/W,products/AN ATLG-W,8.00,,8.00,5.18,6.40,6.00,BD,0,0,10,5.12,0,1,White Twistlock MR16 / GU10 Die-cast Gimbal,"*Manufactured from high grade die-cast aluminium *Supplied with low voltage and GU10 lampholders *Permanent earth on stirrup bracket for GU10 mains earthing *Suitable for Halogen, CFL or LED lamps *Available in White, Brass, Chrome, Satin Chrome, Antique Brass, Brush Brass, Black Chrome **",95,2,4,8,23,,0,0,0,0,,1,50,MR16/GU10,0,,20,1 x 50w  MR16/GU10,0,,,,95,,,,,,,,,,84,,,30,,,1,,,,,,,,
A18 11160,Ansell,AN ATLSQG/BR,products/AN ATLSQG-BR,12.00,,12.00,7.43,9.60,9.00,BD,0,0,10,7.34,0,1,Brass Twistlock MR16 / GU10 Die-cast Square Gimbal,"*Manufactured from high grade die-cast aluminium *Supplied with low voltage and GU10 lampholders *Permanent earth on stirrup bracket for GU10 mains earthing *Suitable for Halogen, CFL or LED lamps *Available in White, Brass, Chrome, Satin Chrome **",95,2,4,8,5,,0,0,0,0,,1,50,MR16/GU10,0,,20,1 x 50w  MR16/GU10,0,95,95,,,,,,,,,,,,84,,,30,,,1,,,,,,,,
A18 11161,Ansell,AN ATLSQG/CH,products/AN ATLSQG-CH,12.00,,12.00,7.43,9.60,9.00,BD,0,0,10,7.34,0,1,Chrome Twistlock MR16 / GU10 Die-cast Square Gimbal,"*Manufactured from high grade die-cast aluminium *Supplied with low voltage and GU10 lampholders *Permanent earth on stirrup bracket for GU10 mains earthing *Suitable for Halogen, CFL or LED lamps *Available in White, Brass, Chrome, Satin Chrome **",95,2,4,8,7,,0,0,0,0,,1,50,MR16/GU10,0,,20,1 x 50w  MR16/GU10,0,95,95,,,,,,,,,,,,84,,,30,,,1,,,,,,,,
A18 11162,Ansell,AN ATLSQG/SC,products/AN ATLSQG-SC,12.00,,12.00,7.43,9.60,9.00,BD,0,0,10,7.34,0,1,Satin Chrome Twistlock MR16 / GU10 Die-cast Square Gimbal,"*Manufactured from high grade die-cast aluminium *Supplied with low voltage and GU10 lampholders *Permanent earth on stirrup bracket for GU10 mains earthing *Suitable for Halogen, CFL or LED lamps *Available in White, Brass, Chrome, Satin Chrome **",95,2,4,8,21,,0,0,0,0,,1,50,MR16/GU10,0,,20,1 x 50w  MR16/GU10,0,95,95,,,,,,,,,,,,84,,,30,,,1,,,,,,,,
A18 11163,Ansell,AN ATLSQG/W,products/AN ATLSQG-W,10.00,,10.00,6.32,8.00,7.50,BD,0,0,10,6.24,0,1,White Twistlock MR16 / GU10 Die-cast Square Gimbal,"*Manufactured from high grade die-cast aluminium *Supplied with low voltage and GU10 lampholders *Permanent earth on stirrup bracket for GU10 mains earthing *Suitable for Halogen, CFL or LED lamps *Available in White, Brass, Chrome, Satin Chrome **",95,2,4,8,23,,0,0,0,0,,1,50,MR16/GU10,0,,20,1 x 50w  MR16/GU10,0,95,95,,,,,,,,,,,,84,,,30,,,1,,,,,,,,
A18 11170,Ansell,AN ATLVD/35/BR,products/AN ATLVD-35-BR,8.00,,8.00,4.77,6.40,6.00,BD,0,0,10,4.72,0,1,Brass Twistlock MR11 35W Die-cast Downlight,"*Manufactured from high grade die-cast aluminium *Supplied with low voltage lampholder *Available in White, Brass, Chrome, Satin Chrome **",95,2,4,8,5,,0,0,0,0,,1,35,MR11,0,,20,1 x 35w  MR11,0,,,,68,,,,,,,,,,58,,,,,,1,,,,,,,,
A18 11171,Ansell,AN ATLVD/35/CH,products/AN ATLVD-35-CH,8.00,,8.00,4.77,6.40,6.00,BD,0,0,10,4.72,0,1,Chrome Twistlock MR11 35W Die-cast Downlight,"*Manufactured from high grade die-cast aluminium *Supplied with low voltage lampholder *Available in White, Brass, Chrome, Satin Chrome **",95,2,4,8,7,,0,0,0,0,,1,35,MR11,0,,20,1 x 35w  MR11,0,,,,68,,,,,,,,,,58,,,,,,1,,,,,,,,
A18 11172,Ansell,AN ATLVD/35/SC,products/AN ATLVD-35-SC,8.00,,8.00,4.77,6.40,6.00,BD,0,0,10,4.72,0,1,Satin Chrome Twistlock MR11 35W Die-cast Downlight,"*Manufactured from high grade die-cast aluminium *Supplied with low voltage lampholder *Available in White, Brass, Chrome, Satin Chrome **",95,2,4,8,21,,0,0,0,0,,1,35,MR11,0,,20,1 x 35w  MR11,0,,,,68,,,,,,,,,,58,,,,,,1,,,,1,,,,
A18 11173,Ansell,AN ATLVD/35/W,products/AN ATLVD-35-W,6.00,,6.00,3.88,4.80,4.50,BD,0,0,10,3.83,0,1,White Twistlock MR11 35W Die-cast Downlight,"*Manufactured from high grade die-cast aluminium *Supplied with low voltage lampholder *Available in White, Brass, Chrome, Satin Chrome **",95,2,4,8,23,,0,0,0,0,,1,35,MR11,0,,20,1 x 35w  MR11,0,,,,68,,,,,,,,,,58,,,,,,1,,,,,,,,
A18 11180,Ansell,AN ATLVG/35/BR,products/AN ATLVG-35-BR,9.00,,9.00,5.77,7.20,6.75,BD,0,0,10,5.70,0,1,Brass Twistlock MR11 35W Die-cast Gimbal,"*Manufactured from high grade die-cast aluminium *30 Degree Tilt angle *Suitable for Halogen or LED lamps *Available in White, Brass, Chrome, Satin Chrome **",95,2,4,8,5,,0,0,0,0,,1,35,MR11,0,,20,1 x 35w  MR11,0,,,,75,,,,,,,,,,68,,,30,,,1,,,,,,,,
A18 11181,Ansell,AN ATLVG/35/CH,products/AN ATLVG-35-CH,9.00,,9.00,5.77,7.20,6.75,BD,0,0,10,5.70,0,1,Chrome Twistlock MR11 35W Die-cast Gimbal,"*Manufactured from high grade die-cast aluminium *30 Degree Tilt angle *Suitable for Halogen or LED lamps *Available in White, Brass, Chrome, Satin Chrome **",95,2,4,8,7,,0,0,0,0,,1,35,MR11,0,,20,1 x 35w  MR11,0,,,,75,,,,,,,,,,68,,,30,,,1,,,,,,,,
A18 11182,Ansell,AN ATLVG/35/SC,products/AN ATLVG-35-SC,9.00,,9.00,5.77,7.20,6.75,BD,0,0,10,5.70,0,1,Satin Chrome Twistlock MR11 35W Die-cast Gimbal,"*Manufactured from high grade die-cast aluminium *30 Degree Tilt angle *Suitable for Halogen or LED lamps *Available in White, Brass, Chrome, Satin Chrome **",95,2,4,8,21,,0,0,0,0,,1,35,MR11,0,,20,1 x 35w  MR11,0,,,,75,,,,,,,,,,68,,,30,,,1,,,,,,,,
A18 11183,Ansell,AN ATLVG/35/W,products/AN ATLVG-35-W,8.00,,8.00,4.61,6.40,6.00,BD,0,0,10,4.55,0,1,White Twistlock MR11 35W Die-cast Gimbal,"*Manufactured from high grade die-cast aluminium *30 Degree Tilt angle *Suitable for Halogen or LED lamps *Available in White, Brass, Chrome, Satin Chrome **",95,2,4,8,23,,0,0,0,0,,1,35,MR11,0,,20,1 x 35w  MR11,0,,,,75,,,,,,,,,,68,,,30,,,1,,,,1,,,,
A18 11200,Ansell,AN ATLVD/IP44/BR,products/AN ATLVD-IP44-BR,11.00,,11.00,7.00,8.80,8.25,BD,0,0,10,6.92,0,1,Brass Twistlock MR16 50W 44 Die-cast Downlight,"*Die-cast aluminium downlight suitable for bathrooms *Available in White, Brass, Chrome, Satin Chrome **",95*158,2,4,8,5,,0,0,0,0,,1,50,MR16,0,,44,1 x 50w  MR16,0,,,,82,,,,,,,,,,72,,,,,,1,,,,,,,,
A18 11201,Ansell,AN ATLVD/IP44/CH,products/AN ATLVD-IP44-CH,11.00,,11.00,7.00,8.80,8.25,BD,0,0,10,6.92,0,1,Chrome Twistlock MR16 50W 44 Die-cast Downlight,"*Die-cast aluminium downlight suitable for bathrooms *Available in White, Brass, Chrome, Satin Chrome **",95*158,2,4,8,7,,0,0,0,0,,1,50,MR16,0,,44,1 x 50w  MR16,0,,,,82,,,,,,,,,,72,,,,,,1,,,,1,,,,
A18 11202,Ansell,AN ATLVD/IP44/SC,products/AN ATLVD-IP44-SC,11.00,,11.00,7.00,8.80,8.25,BD,0,0,10,6.92,0,1,Satin Chrome Twistlock MR16 50W 44 Die-cast Downlight,"*Die-cast aluminium downlight suitable for bathrooms *Available in White, Brass, Chrome, Satin Chrome **",95*158,2,4,8,21,,0,0,0,0,,1,50,MR16,0,,44,1 x 50w  MR16,0,,,,82,,,,,,,,,,72,,,,,,1,,,,,,,,
A18 11203,Ansell,AN ATLVD/IP44/W,products/AN ATLVD-IP44-W,8.00,,8.00,5.12,6.40,6.00,BD,0,0,10,5.06,0,1,White Twistlock MR16 50W 44 Die-cast Downlight,"*Die-cast aluminium downlight suitable for bathrooms *Available in White, Brass, Chrome, Satin Chrome **",95*158,2,4,8,23,,0,0,0,0,,1,50,MR16,0,,44,1 x 50w  MR16,0,,,,82,,,,,,,,,,72,,,,,,1,,,,,,,,
A18 11220,Ansell,AN ATLVOG/IP44/B,products/AN ATLVOG-IP44-B,19.00,,19.00,12.09,15.20,14.25,BD,0,0,10,11.94,0,1,Black Twistlock MR16 35W Outdoor Die-Cast Gimbal,"*IP44 rated for exterior applications *Available in White, Black or Silver Grey DuPont paint finish with 20 year guarantee **",192*95,2,,8,2,,0,0,0,0,,1,35,MR16,0,,44,1 x 35w  MR16,0,,,,92,,,,,,,,,,84,,,,,,1,,,,,,,,
A18 11221,Ansell,AN ATLVOG/IP44/SG,products/AN ATLVOG-IP44-SG,19.00,,19.00,12.09,15.20,14.25,BD,0,0,10,11.94,0,1,Silver Grey Twistlock MR16 35W Outdoor Die-Cast Gimbal,"*IP44 rated for exterior applications *Available in White, Black or Silver Grey DuPont paint finish with 20 year guarantee **",192*95,2,,8,34,,0,0,0,0,,1,35,MR16,0,,44,1 x 35w  MR16,0,,,,92,,,,,,,,,,84,,,,,,1,,,,1,,,,
A18 11222,Ansell,AN ATLVOG/IP44/W,products/AN ATLVOG-IP44-W,19.00,,19.00,12.09,15.20,14.25,BD,0,0,10,11.94,0,1,White Twistlock MR16 35W Outdoor Die-Cast Gimbal,"*IP44 rated for exterior applications *Available in White, Black or Silver Grey DuPont paint finish with 20 year guarantee **",192*95,2,,8,23,,0,0,0,0,,1,35,MR16,0,,44,1 x 35w  MR16,0,,,,,,,,,,,,,,,,,,,,1,,,,,,,,
A18 11250,Ansell,AN ATLVWW/BR,products/AN ATLVWW-BR,24.00,,24.00,15.42,19.20,18.00,BD,0,0,10,15.24,0,1,Brass Twistlock MR16 Die-cast Adjustable Wall Wash,"*65 Degree tilt angle *Manufactured from high grade die-cast aluminium *Available in White, Brass, Chrome, Satin Chrome **",95,2,4,8,5,,0,0,0,0,,1,50,MR16,0,,20,1 x 50w  MR16,0,,,,115,,,,,,,,,,105,,,65,,,1,,,,,,,,
A18 11251,Ansell,AN ATLVWW/CH,products/AN ATLVWW-CH,24.00,,24.00,15.42,19.20,18.00,BD,0,0,10,15.24,0,1,Chrome Twistlock MR16 Die-cast Adjustable Wall Wash,"*65 Degree tilt angle *Manufactured from high grade die-cast aluminium *Available in White, Brass, Chrome, Satin Chrome **",95,2,4,8,7,,0,0,0,0,,1,50,MR16,0,,20,1 x 50w  MR16,0,,,,115,,,,,,,,,,105,,,65,,,1,,,,,,,,
A18 11252,Ansell,AN ATLVWW/SC,products/AN ATLVWW-SC,24.00,,24.00,15.42,19.20,18.00,BD,0,0,10,15.24,0,1,Satin Chrome Twistlock MR16 Die-cast Adjustable Wall Wash,"*65 Degree tilt angle *Manufactured from high grade die-cast aluminium *Available in White, Brass, Chrome, Satin Chrome **",95,2,4,8,21,,0,0,0,0,,1,50,MR16,0,,20,1 x 50w  MR16,0,,,,115,,,,,,,,,,105,,,65,,,1,,,,1,,,,
A18 11253,Ansell,AN ATLVWW/W,products/AN ATLVWW-W,18.00,,18.00,11.33,14.40,13.50,BD,0,0,10,11.19,0,1,White Twistlock MR16 Die-cast Adjustable Wall Wash,"*65 Degree tilt angle *Manufactured from high grade die-cast aluminium *Available in White, Brass, Chrome, Satin Chrome **",95,2,4,8,23,,0,0,0,0,,1,50,MR16,0,,20,1 x 50w  MR16,0,,,,115,,,,,,,,,,105,,,65,,,1,,,,,,,,
